0,36,{'weight': 1}
0,41,{'weight': 1}
0,53,{'weight': 1}
0,76,{'weight': 1}
0,98,{'weight': 1}
0,113,{'weight': 1}
0,118,{'weight': 1}
0,125,{'weight': 1}
0,126,{'weight': 1}
0,133,{'weight': 1}
0,142,{'weight': 1}
0,153,{'weight': 1}
0,170,{'weight': 1}
0,173,{'weight': 1}
0,187,{'weight': 1}
0,200,{'weight': 1}
0,218,{'weight': 1}
0,226,{'weight': 1}
0,229,{'weight': 1}
0,238,{'weight': 1}
0,249,{'weight': 1}
36,5,{'weight': 1}
36,10,{'weight': 1}
36,40,{'weight': 1}
36,53,{'weight': 1}
36,55,{'weight': 1}
36,72,{'weight': 1}
36,79,{'weight': 1}
36,82,{'weight': 1}
36,88,{'weight': 1}
36,92,{'weight': 1}
36,93,{'weight': 1}
36,98,{'weight': 1}
36,106,{'weight': 1}
36,122,{'weight': 1}
36,142,{'weight': 1}
36,148,{'weight': 1}
36,169,{'weight': 1}
36,187,{'weight': 1}
36,198,{'weight': 1}
36,209,{'weight': 1}
36,227,{'weight': 1}
36,229,{'weight': 1}
36,232,{'weight': 1}
36,245,{'weight': 1}
36,246,{'weight': 1}
41,10,{'weight': 1}
41,15,{'weight': 1}
41,18,{'weight': 1}
41,34,{'weight': 1}
41,40,{'weight': 1}
41,44,{'weight': 1}
41,46,{'weight': 1}
41,50,{'weight': 1}
41,51,{'weight': 1}
41,66,{'weight': 1}
41,67,{'weight': 1}
41,77,{'weight': 1}
41,94,{'weight': 1}
41,126,{'weight': 1}
41,135,{'weight': 1}
41,149,{'weight': 1}
41,159,{'weight': 1}
41,161,{'weight': 1}
41,189,{'weight': 1}
41,200,{'weight': 1}
41,208,{'weight': 1}
41,216,{'weight': 1}
41,220,{'weight': 1}
41,229,{'weight': 1}
41,233,{'weight': 1}
41,247,{'weight': 1}
53,3,{'weight': 1}
53,6,{'weight': 1}
53,19,{'weight': 1}
53,25,{'weight': 1}
53,27,{'weight': 1}
53,52,{'weight': 1}
53,61,{'weight': 1}
53,76,{'weight': 1}
53,83,{'weight': 1}
53,88,{'weight': 1}
53,96,{'weight': 1}
53,102,{'weight': 1}
53,104,{'weight': 1}
53,112,{'weight': 1}
53,130,{'weight': 1}
53,139,{'weight': 1}
53,143,{'weight': 1}
53,148,{'weight': 1}
53,160,{'weight': 1}
53,217,{'weight': 1}
53,219,{'weight': 1}
53,220,{'weight': 1}
53,225,{'weight': 1}
53,226,{'weight': 1}
53,233,{'weight': 1}
53,235,{'weight': 1}
76,40,{'weight': 1}
76,55,{'weight': 1}
76,63,{'weight': 1}
76,70,{'weight': 1}
76,83,{'weight': 1}
76,94,{'weight': 1}
76,97,{'weight': 1}
76,103,{'weight': 1}
76,123,{'weight': 1}
76,131,{'weight': 1}
76,182,{'weight': 1}
76,183,{'weight': 1}
76,189,{'weight': 1}
76,207,{'weight': 1}
76,234,{'weight': 1}
76,247,{'weight': 1}
98,15,{'weight': 1}
98,35,{'weight': 1}
98,58,{'weight': 1}
98,66,{'weight': 1}
98,91,{'weight': 1}
98,120,{'weight': 1}
98,123,{'weight': 1}
98,127,{'weight': 1}
98,142,{'weight': 1}
98,156,{'weight': 1}
98,157,{'weight': 1}
98,158,{'weight': 1}
98,162,{'weight': 1}
98,165,{'weight': 1}
98,175,{'weight': 1}
98,179,{'weight': 1}
98,190,{'weight': 1}
98,198,{'weight': 1}
98,202,{'weight': 1}
98,236,{'weight': 1}
98,241,{'weight': 1}
113,1,{'weight': 1}
113,4,{'weight': 1}
113,10,{'weight': 1}
113,22,{'weight': 1}
113,25,{'weight': 1}
113,27,{'weight': 1}
113,28,{'weight': 1}
113,46,{'weight': 1}
113,63,{'weight': 1}
113,74,{'weight': 1}
113,95,{'weight': 1}
113,105,{'weight': 1}
113,106,{'weight': 1}
113,119,{'weight': 1}
113,120,{'weight': 1}
113,129,{'weight': 1}
113,140,{'weight': 1}
113,170,{'weight': 1}
113,190,{'weight': 1}
113,213,{'weight': 1}
113,214,{'weight': 1}
113,217,{'weight': 1}
113,233,{'weight': 1}
118,12,{'weight': 1}
118,13,{'weight': 1}
118,15,{'weight': 1}
118,20,{'weight': 1}
118,23,{'weight': 1}
118,49,{'weight': 1}
118,75,{'weight': 1}
118,85,{'weight': 1}
118,86,{'weight': 1}
118,97,{'weight': 1}
118,99,{'weight': 1}
118,112,{'weight': 1}
118,122,{'weight': 1}
118,126,{'weight': 1}
118,127,{'weight': 1}
118,142,{'weight': 1}
118,163,{'weight': 1}
118,177,{'weight': 1}
118,184,{'weight': 1}
118,197,{'weight': 1}
118,199,{'weight': 1}
118,210,{'weight': 1}
118,218,{'weight': 1}
118,238,{'weight': 1}
118,241,{'weight': 1}
118,243,{'weight': 1}
125,12,{'weight': 1}
125,21,{'weight': 1}
125,37,{'weight': 1}
125,66,{'weight': 1}
125,70,{'weight': 1}
125,75,{'weight': 1}
125,78,{'weight': 1}
125,84,{'weight': 1}
125,99,{'weight': 1}
125,110,{'weight': 1}
125,112,{'weight': 1}
125,129,{'weight': 1}
125,133,{'weight': 1}
125,135,{'weight': 1}
125,139,{'weight': 1}
125,163,{'weight': 1}
125,164,{'weight': 1}
125,183,{'weight': 1}
125,190,{'weight': 1}
125,200,{'weight': 1}
125,214,{'weight': 1}
125,233,{'weight': 1}
125,240,{'weight': 1}
125,243,{'weight': 1}
126,1,{'weight': 1}
126,4,{'weight': 1}
126,6,{'weight': 1}
126,22,{'weight': 1}
126,39,{'weight': 1}
126,48,{'weight': 1}
126,52,{'weight': 1}
126,66,{'weight': 1}
126,77,{'weight': 1}
126,80,{'weight': 1}
126,110,{'weight': 1}
126,119,{'weight': 1}
126,128,{'weight': 1}
126,129,{'weight': 1}
126,135,{'weight': 1}
126,142,{'weight': 1}
126,145,{'weight': 1}
126,158,{'weight': 1}
126,163,{'weight': 1}
126,164,{'weight': 1}
126,174,{'weight': 1}
126,202,{'weight': 1}
126,215,{'weight': 1}
126,226,{'weight': 1}
126,237,{'weight': 1}
126,244,{'weight': 1}
133,7,{'weight': 1}
133,10,{'weight': 1}
133,11,{'weight': 1}
133,19,{'weight': 1}
133,24,{'weight': 1}
133,31,{'weight': 1}
133,46,{'weight': 1}
133,66,{'weight': 1}
133,72,{'weight': 1}
133,77,{'weight': 1}
133,81,{'weight': 1}
133,97,{'weight': 1}
133,109,{'weight': 1}
133,110,{'weight': 1}
133,117,{'weight': 1}
133,131,{'weight': 1}
133,152,{'weight': 1}
133,158,{'weight': 1}
133,178,{'weight': 1}
133,186,{'weight': 1}
133,187,{'weight': 1}
133,226,{'weight': 1}
133,245,{'weight': 1}
142,6,{'weight': 1}
142,7,{'weight': 1}
142,17,{'weight': 1}
142,22,{'weight': 1}
142,29,{'weight': 1}
142,32,{'weight': 1}
142,72,{'weight': 1}
142,85,{'weight': 1}
142,90,{'weight': 1}
142,100,{'weight': 1}
142,112,{'weight': 1}
142,119,{'weight': 1}
142,123,{'weight': 1}
142,130,{'weight': 1}
142,148,{'weight': 1}
142,150,{'weight': 1}
142,159,{'weight': 1}
142,167,{'weight': 1}
142,178,{'weight': 1}
142,184,{'weight': 1}
142,193,{'weight': 1}
142,203,{'weight': 1}
142,206,{'weight': 1}
142,217,{'weight': 1}
142,229,{'weight': 1}
142,230,{'weight': 1}
142,232,{'weight': 1}
153,17,{'weight': 1}
153,22,{'weight': 1}
153,38,{'weight': 1}
153,48,{'weight': 1}
153,55,{'weight': 1}
153,66,{'weight': 1}
153,72,{'weight': 1}
153,84,{'weight': 1}
153,108,{'weight': 1}
153,120,{'weight': 1}
153,128,{'weight': 1}
153,143,{'weight': 1}
153,148,{'weight': 1}
153,158,{'weight': 1}
153,160,{'weight': 1}
153,191,{'weight': 1}
153,193,{'weight': 1}
153,203,{'weight': 1}
153,212,{'weight': 1}
153,246,{'weight': 1}
170,1,{'weight': 1}
170,2,{'weight': 1}
170,15,{'weight': 1}
170,25,{'weight': 1}
170,26,{'weight': 1}
170,30,{'weight': 1}
170,48,{'weight': 1}
170,81,{'weight': 1}
170,99,{'weight': 1}
170,119,{'weight': 1}
170,127,{'weight': 1}
170,129,{'weight': 1}
170,148,{'weight': 1}
170,164,{'weight': 1}
170,193,{'weight': 1}
170,197,{'weight': 1}
170,204,{'weight': 1}
170,207,{'weight': 1}
170,215,{'weight': 1}
170,217,{'weight': 1}
170,223,{'weight': 1}
170,229,{'weight': 1}
170,246,{'weight': 1}
173,10,{'weight': 1}
173,20,{'weight': 1}
173,51,{'weight': 1}
173,60,{'weight': 1}
173,62,{'weight': 1}
173,64,{'weight': 1}
173,69,{'weight': 1}
173,77,{'weight': 1}
173,112,{'weight': 1}
173,128,{'weight': 1}
173,138,{'weight': 1}
173,165,{'weight': 1}
173,203,{'weight': 1}
173,211,{'weight': 1}
173,222,{'weight': 1}
173,240,{'weight': 1}
187,17,{'weight': 1}
187,58,{'weight': 1}
187,59,{'weight': 1}
187,100,{'weight': 1}
187,104,{'weight': 1}
187,105,{'weight': 1}
187,106,{'weight': 1}
187,109,{'weight': 1}
187,116,{'weight': 1}
187,123,{'weight': 1}
187,136,{'weight': 1}
187,155,{'weight': 1}
187,157,{'weight': 1}
187,189,{'weight': 1}
187,194,{'weight': 1}
187,196,{'weight': 1}
187,201,{'weight': 1}
187,207,{'weight': 1}
187,212,{'weight': 1}
187,222,{'weight': 1}
187,231,{'weight': 1}
187,244,{'weight': 1}
200,2,{'weight': 1}
200,12,{'weight': 1}
200,27,{'weight': 1}
200,30,{'weight': 1}
200,35,{'weight': 1}
200,77,{'weight': 1}
200,94,{'weight': 1}
200,96,{'weight': 1}
200,119,{'weight': 1}
200,138,{'weight': 1}
200,144,{'weight': 1}
200,145,{'weight': 1}
200,159,{'weight': 1}
200,210,{'weight': 1}
200,211,{'weight': 1}
200,212,{'weight': 1}
200,219,{'weight': 1}
200,228,{'weight': 1}
218,6,{'weight': 1}
218,8,{'weight': 1}
218,9,{'weight': 1}
218,33,{'weight': 1}
218,38,{'weight': 1}
218,50,{'weight': 1}
218,56,{'weight': 1}
218,78,{'weight': 1}
218,82,{'weight': 1}
218,99,{'weight': 1}
218,101,{'weight': 1}
218,127,{'weight': 1}
218,140,{'weight': 1}
218,141,{'weight': 1}
218,155,{'weight': 1}
218,156,{'weight': 1}
218,175,{'weight': 1}
218,176,{'weight': 1}
218,186,{'weight': 1}
218,203,{'weight': 1}
218,204,{'weight': 1}
218,210,{'weight': 1}
218,213,{'weight': 1}
218,225,{'weight': 1}
218,238,{'weight': 1}
218,239,{'weight': 1}
218,240,{'weight': 1}
218,242,{'weight': 1}
226,13,{'weight': 1}
226,14,{'weight': 1}
226,18,{'weight': 1}
226,43,{'weight': 1}
226,51,{'weight': 1}
226,65,{'weight': 1}
226,69,{'weight': 1}
226,93,{'weight': 1}
226,100,{'weight': 1}
226,117,{'weight': 1}
226,169,{'weight': 1}
226,176,{'weight': 1}
226,177,{'weight': 1}
226,213,{'weight': 1}
226,215,{'weight': 1}
226,221,{'weight': 1}
226,224,{'weight': 1}
226,225,{'weight': 1}
226,231,{'weight': 1}
226,240,{'weight': 1}
229,2,{'weight': 1}
229,4,{'weight': 1}
229,9,{'weight': 1}
229,12,{'weight': 1}
229,26,{'weight': 1}
229,32,{'weight': 1}
229,40,{'weight': 1}
229,47,{'weight': 1}
229,77,{'weight': 1}
229,82,{'weight': 1}
229,89,{'weight': 1}
229,150,{'weight': 1}
229,166,{'weight': 1}
229,167,{'weight': 1}
229,183,{'weight': 1}
229,208,{'weight': 1}
229,210,{'weight': 1}
229,211,{'weight': 1}
229,219,{'weight': 1}
229,230,{'weight': 1}
229,238,{'weight': 1}
238,4,{'weight': 1}
238,9,{'weight': 1}
238,18,{'weight': 1}
238,24,{'weight': 1}
238,34,{'weight': 1}
238,40,{'weight': 1}
238,42,{'weight': 1}
238,71,{'weight': 1}
238,84,{'weight': 1}
238,100,{'weight': 1}
238,101,{'weight': 1}
238,117,{'weight': 1}
238,122,{'weight': 1}
238,128,{'weight': 1}
238,131,{'weight': 1}
238,134,{'weight': 1}
238,136,{'weight': 1}
238,145,{'weight': 1}
238,169,{'weight': 1}
238,174,{'weight': 1}
238,179,{'weight': 1}
238,182,{'weight': 1}
238,192,{'weight': 1}
238,193,{'weight': 1}
238,203,{'weight': 1}
238,207,{'weight': 1}
238,210,{'weight': 1}
238,242,{'weight': 1}
249,16,{'weight': 1}
249,20,{'weight': 1}
249,26,{'weight': 1}
249,44,{'weight': 1}
249,48,{'weight': 1}
249,57,{'weight': 1}
249,63,{'weight': 1}
249,72,{'weight': 1}
249,88,{'weight': 1}
249,131,{'weight': 1}
249,134,{'weight': 1}
249,144,{'weight': 1}
249,146,{'weight': 1}
249,163,{'weight': 1}
249,166,{'weight': 1}
249,178,{'weight': 1}
249,181,{'weight': 1}
249,198,{'weight': 1}
249,223,{'weight': 1}
249,234,{'weight': 1}
249,239,{'weight': 1}
1,2,{'weight': 1}
1,8,{'weight': 1}
1,19,{'weight': 1}
1,26,{'weight': 1}
1,35,{'weight': 1}
1,38,{'weight': 1}
1,42,{'weight': 1}
1,59,{'weight': 1}
1,60,{'weight': 1}
1,62,{'weight': 1}
1,63,{'weight': 1}
1,77,{'weight': 1}
1,86,{'weight': 1}
1,121,{'weight': 1}
1,122,{'weight': 1}
1,124,{'weight': 1}
1,127,{'weight': 1}
1,155,{'weight': 1}
1,159,{'weight': 1}
1,165,{'weight': 1}
1,171,{'weight': 1}
1,182,{'weight': 1}
1,185,{'weight': 1}
1,219,{'weight': 1}
1,227,{'weight': 1}
1,240,{'weight': 1}
1,243,{'weight': 1}
1,246,{'weight': 1}
1,135,{}
2,3,{'weight': 1}
2,4,{'weight': 1}
2,6,{'weight': 1}
2,8,{'weight': 1}
2,11,{'weight': 1}
2,18,{'weight': 1}
2,20,{'weight': 1}
2,48,{'weight': 1}
2,50,{'weight': 1}
2,51,{'weight': 1}
2,52,{'weight': 1}
2,59,{'weight': 1}
2,63,{'weight': 1}
2,89,{'weight': 1}
2,92,{'weight': 1}
2,108,{'weight': 1}
2,119,{'weight': 1}
2,154,{'weight': 1}
2,157,{'weight': 1}
2,159,{'weight': 1}
2,162,{'weight': 1}
2,164,{'weight': 1}
2,169,{'weight': 1}
2,203,{'weight': 1}
2,205,{'weight': 1}
2,227,{'weight': 1}
2,245,{'weight': 1}
2,246,{'weight': 1}
8,4,{'weight': 1}
8,7,{'weight': 1}
8,9,{'weight': 1}
8,13,{'weight': 1}
8,18,{'weight': 1}
8,26,{'weight': 1}
8,28,{'weight': 1}
8,42,{'weight': 1}
8,57,{'weight': 1}
8,59,{'weight': 1}
8,78,{'weight': 1}
8,105,{'weight': 1}
8,106,{'weight': 1}
8,107,{'weight': 1}
8,116,{'weight': 1}
8,120,{'weight': 1}
8,123,{'weight': 1}
8,132,{'weight': 1}
8,145,{'weight': 1}
8,147,{'weight': 1}
8,149,{'weight': 1}
8,150,{'weight': 1}
8,162,{'weight': 1}
8,168,{'weight': 1}
8,174,{'weight': 1}
8,180,{'weight': 1}
8,197,{'weight': 1}
8,203,{'weight': 1}
8,210,{'weight': 1}
8,228,{'weight': 1}
19,14,{'weight': 1}
19,22,{'weight': 1}
19,31,{'weight': 1}
19,37,{'weight': 1}
19,47,{'weight': 1}
19,57,{'weight': 1}
19,64,{'weight': 1}
19,74,{'weight': 1}
19,78,{'weight': 1}
19,80,{'weight': 1}
19,81,{'weight': 1}
19,86,{'weight': 1}
19,90,{'weight': 1}
19,104,{'weight': 1}
19,114,{'weight': 1}
19,116,{'weight': 1}
19,123,{'weight': 1}
19,124,{'weight': 1}
19,131,{'weight': 1}
19,147,{'weight': 1}
19,158,{'weight': 1}
19,162,{'weight': 1}
19,166,{'weight': 1}
19,199,{'weight': 1}
19,206,{'weight': 1}
19,210,{'weight': 1}
19,234,{'weight': 1}
19,241,{'weight': 1}
19,242,{'weight': 1}
19,248,{'weight': 1}
26,5,{'weight': 1}
26,11,{'weight': 1}
26,15,{'weight': 1}
26,24,{'weight': 1}
26,48,{'weight': 1}
26,62,{'weight': 1}
26,69,{'weight': 1}
26,71,{'weight': 1}
26,73,{'weight': 1}
26,75,{'weight': 1}
26,78,{'weight': 1}
26,88,{'weight': 1}
26,108,{'weight': 1}
26,111,{'weight': 1}
26,119,{'weight': 1}
26,165,{'weight': 1}
26,174,{'weight': 1}
26,177,{'weight': 1}
26,185,{'weight': 1}
26,189,{'weight': 1}
26,202,{'weight': 1}
26,209,{'weight': 1}
26,210,{'weight': 1}
26,213,{'weight': 1}
26,216,{'weight': 1}
26,225,{'weight': 1}
26,228,{'weight': 1}
26,232,{'weight': 1}
35,9,{'weight': 1}
35,39,{'weight': 1}
35,44,{'weight': 1}
35,45,{'weight': 1}
35,66,{'weight': 1}
35,67,{'weight': 1}
35,82,{'weight': 1}
35,89,{'weight': 1}
35,109,{'weight': 1}
35,122,{'weight': 1}
35,152,{'weight': 1}
35,176,{'weight': 1}
35,179,{'weight': 1}
35,189,{'weight': 1}
35,193,{'weight': 1}
35,203,{'weight': 1}
35,221,{'weight': 1}
35,232,{'weight': 1}
35,243,{'weight': 1}
35,162,{}
38,7,{'weight': 1}
38,16,{'weight': 1}
38,39,{'weight': 1}
38,60,{'weight': 1}
38,66,{'weight': 1}
38,79,{'weight': 1}
38,80,{'weight': 1}
38,82,{'weight': 1}
38,110,{'weight': 1}
38,112,{'weight': 1}
38,116,{'weight': 1}
38,119,{'weight': 1}
38,141,{'weight': 1}
38,169,{'weight': 1}
38,176,{'weight': 1}
38,183,{'weight': 1}
38,198,{'weight': 1}
38,209,{'weight': 1}
38,224,{'weight': 1}
38,232,{'weight': 1}
38,135,{}
42,12,{'weight': 1}
42,13,{'weight': 1}
42,15,{'weight': 1}
42,20,{'weight': 1}
42,29,{'weight': 1}
42,34,{'weight': 1}
42,49,{'weight': 1}
42,50,{'weight': 1}
42,83,{'weight': 1}
42,101,{'weight': 1}
42,114,{'weight': 1}
42,128,{'weight': 1}
42,129,{'weight': 1}
42,140,{'weight': 1}
42,161,{'weight': 1}
42,162,{'weight': 1}
42,175,{'weight': 1}
42,176,{'weight': 1}
42,193,{'weight': 1}
42,201,{'weight': 1}
42,206,{'weight': 1}
42,208,{'weight': 1}
42,209,{'weight': 1}
42,212,{'weight': 1}
42,232,{'weight': 1}
42,248,{'weight': 1}
59,9,{'weight': 1}
59,10,{'weight': 1}
59,24,{'weight': 1}
59,25,{'weight': 1}
59,39,{'weight': 1}
59,46,{'weight': 1}
59,58,{'weight': 1}
59,91,{'weight': 1}
59,92,{'weight': 1}
59,109,{'weight': 1}
59,138,{'weight': 1}
59,191,{'weight': 1}
59,201,{'weight': 1}
59,207,{'weight': 1}
59,209,{'weight': 1}
59,211,{'weight': 1}
59,232,{'weight': 1}
60,5,{'weight': 1}
60,6,{'weight': 1}
60,69,{'weight': 1}
60,84,{'weight': 1}
60,108,{'weight': 1}
60,111,{'weight': 1}
60,116,{'weight': 1}
60,129,{'weight': 1}
60,130,{'weight': 1}
60,134,{'weight': 1}
60,145,{'weight': 1}
60,152,{'weight': 1}
60,160,{'weight': 1}
60,164,{'weight': 1}
60,167,{'weight': 1}
60,169,{'weight': 1}
60,172,{'weight': 1}
60,191,{'weight': 1}
60,196,{'weight': 1}
60,204,{'weight': 1}
60,209,{'weight': 1}
60,210,{'weight': 1}
60,220,{'weight': 1}
60,224,{'weight': 1}
60,228,{'weight': 1}
62,12,{'weight': 1}
62,16,{'weight': 1}
62,31,{'weight': 1}
62,34,{'weight': 1}
62,40,{'weight': 1}
62,52,{'weight': 1}
62,57,{'weight': 1}
62,63,{'weight': 1}
62,73,{'weight': 1}
62,75,{'weight': 1}
62,80,{'weight': 1}
62,84,{'weight': 1}
62,86,{'weight': 1}
62,90,{'weight': 1}
62,101,{'weight': 1}
62,117,{'weight': 1}
62,139,{'weight': 1}
62,151,{'weight': 1}
62,152,{'weight': 1}
62,168,{'weight': 1}
62,169,{'weight': 1}
62,186,{'weight': 1}
62,192,{'weight': 1}
62,193,{'weight': 1}
62,195,{'weight': 1}
62,204,{'weight': 1}
62,209,{'weight': 1}
62,216,{'weight': 1}
62,220,{'weight': 1}
62,224,{'weight': 1}
62,225,{'weight': 1}
62,237,{'weight': 1}
63,14,{'weight': 1}
63,25,{'weight': 1}
63,37,{'weight': 1}
63,80,{'weight': 1}
63,86,{'weight': 1}
63,88,{'weight': 1}
63,92,{'weight': 1}
63,97,{'weight': 1}
63,101,{'weight': 1}
63,107,{'weight': 1}
63,128,{'weight': 1}
63,149,{'weight': 1}
63,160,{'weight': 1}
63,164,{'weight': 1}
63,194,{'weight': 1}
63,220,{'weight': 1}
63,228,{'weight': 1}
63,239,{'weight': 1}
63,246,{'weight': 1}
77,6,{'weight': 1}
77,15,{'weight': 1}
77,20,{'weight': 1}
77,31,{'weight': 1}
77,34,{'weight': 1}
77,39,{'weight': 1}
77,55,{'weight': 1}
77,61,{'weight': 1}
77,68,{'weight': 1}
77,90,{'weight': 1}
77,94,{'weight': 1}
77,103,{'weight': 1}
77,108,{'weight': 1}
77,117,{'weight': 1}
77,128,{'weight': 1}
77,175,{'weight': 1}
77,176,{'weight': 1}
77,196,{'weight': 1}
77,199,{'weight': 1}
77,209,{'weight': 1}
77,220,{'weight': 1}
77,234,{'weight': 1}
77,236,{'weight': 1}
77,237,{'weight': 1}
77,246,{'weight': 1}
77,243,{}
86,9,{'weight': 1}
86,21,{'weight': 1}
86,28,{'weight': 1}
86,66,{'weight': 1}
86,84,{'weight': 1}
86,85,{'weight': 1}
86,89,{'weight': 1}
86,101,{'weight': 1}
86,106,{'weight': 1}
86,132,{'weight': 1}
86,136,{'weight': 1}
86,160,{'weight': 1}
86,162,{'weight': 1}
86,204,{'weight': 1}
86,221,{'weight': 1}
86,151,{'weight': 1}
121,11,{'weight': 1}
121,12,{'weight': 1}
121,24,{'weight': 1}
121,27,{'weight': 1}
121,29,{'weight': 1}
121,34,{'weight': 1}
121,37,{'weight': 1}
121,39,{'weight': 1}
121,57,{'weight': 1}
121,68,{'weight': 1}
121,71,{'weight': 1}
121,88,{'weight': 1}
121,117,{'weight': 1}
121,127,{'weight': 1}
121,139,{'weight': 1}
121,151,{'weight': 1}
121,163,{'weight': 1}
121,166,{'weight': 1}
121,169,{'weight': 1}
121,171,{'weight': 1}
121,174,{'weight': 1}
121,176,{'weight': 1}
121,198,{'weight': 1}
121,205,{'weight': 1}
121,206,{'weight': 1}
121,219,{'weight': 1}
121,223,{'weight': 1}
121,224,{'weight': 1}
121,232,{'weight': 1}
121,239,{'weight': 1}
121,246,{'weight': 1}
122,3,{'weight': 1}
122,10,{'weight': 1}
122,11,{'weight': 1}
122,18,{'weight': 1}
122,48,{'weight': 1}
122,104,{'weight': 1}
122,105,{'weight': 1}
122,140,{'weight': 1}
122,141,{'weight': 1}
122,145,{'weight': 1}
122,146,{'weight': 1}
122,150,{'weight': 1}
122,182,{'weight': 1}
122,197,{'weight': 1}
122,201,{'weight': 1}
122,216,{'weight': 1}
122,245,{'weight': 1}
124,9,{'weight': 1}
124,55,{'weight': 1}
124,58,{'weight': 1}
124,65,{'weight': 1}
124,78,{'weight': 1}
124,99,{'weight': 1}
124,101,{'weight': 1}
124,107,{'weight': 1}
124,109,{'weight': 1}
124,141,{'weight': 1}
124,146,{'weight': 1}
124,165,{'weight': 1}
124,175,{'weight': 1}
124,188,{'weight': 1}
124,193,{'weight': 1}
124,196,{'weight': 1}
124,207,{'weight': 1}
124,231,{'weight': 1}
124,233,{'weight': 1}
124,243,{'weight': 1}
124,245,{'weight': 1}
127,11,{'weight': 1}
127,17,{'weight': 1}
127,27,{'weight': 1}
127,39,{'weight': 1}
127,49,{'weight': 1}
127,50,{'weight': 1}
127,52,{'weight': 1}
127,58,{'weight': 1}
127,65,{'weight': 1}
127,96,{'weight': 1}
127,101,{'weight': 1}
127,104,{'weight': 1}
127,109,{'weight': 1}
127,119,{'weight': 1}
127,138,{'weight': 1}
127,149,{'weight': 1}
127,163,{'weight': 1}
127,165,{'weight': 1}
127,179,{'weight': 1}
127,181,{'weight': 1}
127,188,{'weight': 1}
127,199,{'weight': 1}
127,202,{'weight': 1}
127,208,{'weight': 1}
127,211,{'weight': 1}
127,220,{'weight': 1}
127,225,{'weight': 1}
127,227,{'weight': 1}
127,233,{'weight': 1}
127,234,{'weight': 1}
127,236,{'weight': 1}
127,248,{'weight': 1}
155,25,{'weight': 1}
155,28,{'weight': 1}
155,33,{'weight': 1}
155,55,{'weight': 1}
155,68,{'weight': 1}
155,101,{'weight': 1}
155,129,{'weight': 1}
155,130,{'weight': 1}
155,146,{'weight': 1}
155,149,{'weight': 1}
155,166,{'weight': 1}
155,181,{'weight': 1}
155,182,{'weight': 1}
155,183,{'weight': 1}
155,186,{'weight': 1}
155,189,{'weight': 1}
155,193,{'weight': 1}
155,195,{'weight': 1}
155,199,{'weight': 1}
155,204,{'weight': 1}
155,212,{'weight': 1}
155,240,{'weight': 1}
155,245,{'weight': 1}
155,246,{'weight': 1}
159,32,{'weight': 1}
159,51,{'weight': 1}
159,88,{'weight': 1}
159,116,{'weight': 1}
159,131,{'weight': 1}
159,138,{'weight': 1}
159,145,{'weight': 1}
159,150,{'weight': 1}
159,174,{'weight': 1}
159,201,{'weight': 1}
159,202,{'weight': 1}
159,230,{'weight': 1}
165,10,{'weight': 1}
165,16,{'weight': 1}
165,21,{'weight': 1}
165,30,{'weight': 1}
165,33,{'weight': 1}
165,55,{'weight': 1}
165,80,{'weight': 1}
165,81,{'weight': 1}
165,82,{'weight': 1}
165,89,{'weight': 1}
165,136,{'weight': 1}
165,160,{'weight': 1}
165,180,{'weight': 1}
165,186,{'weight': 1}
165,193,{'weight': 1}
165,201,{'weight': 1}
165,222,{'weight': 1}
165,223,{'weight': 1}
171,11,{'weight': 1}
171,58,{'weight': 1}
171,66,{'weight': 1}
171,79,{'weight': 1}
171,99,{'weight': 1}
171,106,{'weight': 1}
171,123,{'weight': 1}
171,140,{'weight': 1}
171,143,{'weight': 1}
171,144,{'weight': 1}
171,179,{'weight': 1}
171,182,{'weight': 1}
171,199,{'weight': 1}
171,214,{'weight': 1}
171,222,{'weight': 1}
171,224,{'weight': 1}
182,3,{'weight': 1}
182,7,{'weight': 1}
182,25,{'weight': 1}
182,29,{'weight': 1}
182,44,{'weight': 1}
182,52,{'weight': 1}
182,71,{'weight': 1}
182,92,{'weight': 1}
182,101,{'weight': 1}
182,107,{'weight': 1}
182,119,{'weight': 1}
182,134,{'weight': 1}
182,140,{'weight': 1}
182,147,{'weight': 1}
182,148,{'weight': 1}
182,161,{'weight': 1}
182,168,{'weight': 1}
182,180,{'weight': 1}
182,203,{'weight': 1}
182,207,{'weight': 1}
182,232,{'weight': 1}
182,235,{'weight': 1}
182,240,{'weight': 1}
185,14,{'weight': 1}
185,30,{'weight': 1}
185,61,{'weight': 1}
185,66,{'weight': 1}
185,83,{'weight': 1}
185,89,{'weight': 1}
185,95,{'weight': 1}
185,101,{'weight': 1}
185,114,{'weight': 1}
185,138,{'weight': 1}
185,143,{'weight': 1}
185,164,{'weight': 1}
185,175,{'weight': 1}
185,203,{'weight': 1}
185,208,{'weight': 1}
185,235,{'weight': 1}
185,244,{'weight': 1}
219,3,{'weight': 1}
219,14,{'weight': 1}
219,33,{'weight': 1}
219,45,{'weight': 1}
219,54,{'weight': 1}
219,56,{'weight': 1}
219,57,{'weight': 1}
219,83,{'weight': 1}
219,84,{'weight': 1}
219,102,{'weight': 1}
219,105,{'weight': 1}
219,120,{'weight': 1}
219,138,{'weight': 1}
219,143,{'weight': 1}
219,177,{'weight': 1}
219,181,{'weight': 1}
219,228,{'weight': 1}
219,230,{'weight': 1}
219,231,{'weight': 1}
219,234,{'weight': 1}
219,241,{'weight': 1}
227,24,{'weight': 1}
227,25,{'weight': 1}
227,30,{'weight': 1}
227,32,{'weight': 1}
227,46,{'weight': 1}
227,65,{'weight': 1}
227,68,{'weight': 1}
227,73,{'weight': 1}
227,104,{'weight': 1}
227,111,{'weight': 1}
227,116,{'weight': 1}
227,117,{'weight': 1}
227,137,{'weight': 1}
227,140,{'weight': 1}
227,143,{'weight': 1}
227,183,{'weight': 1}
227,211,{'weight': 1}
227,232,{'weight': 1}
227,245,{'weight': 1}
240,10,{'weight': 1}
240,46,{'weight': 1}
240,51,{'weight': 1}
240,58,{'weight': 1}
240,73,{'weight': 1}
240,78,{'weight': 1}
240,80,{'weight': 1}
240,116,{'weight': 1}
240,149,{'weight': 1}
240,163,{'weight': 1}
240,166,{'weight': 1}
240,192,{'weight': 1}
243,3,{'weight': 1}
243,17,{'weight': 1}
243,22,{'weight': 1}
243,23,{'weight': 1}
243,43,{'weight': 1}
243,55,{'weight': 1}
243,56,{'weight': 1}
243,67,{'weight': 1}
243,93,{'weight': 1}
243,107,{'weight': 1}
243,108,{'weight': 1}
243,129,{'weight': 1}
243,138,{'weight': 1}
243,141,{'weight': 1}
243,161,{'weight': 1}
243,166,{'weight': 1}
243,169,{'weight': 1}
243,193,{'weight': 1}
243,214,{'weight': 1}
243,220,{'weight': 1}
243,228,{'weight': 1}
246,20,{'weight': 1}
246,43,{'weight': 1}
246,57,{'weight': 1}
246,68,{'weight': 1}
246,75,{'weight': 1}
246,87,{'weight': 1}
246,93,{'weight': 1}
246,106,{'weight': 1}
246,111,{'weight': 1}
246,129,{'weight': 1}
246,139,{'weight': 1}
246,156,{'weight': 1}
246,157,{'weight': 1}
246,160,{'weight': 1}
246,208,{'weight': 1}
246,216,{'weight': 1}
246,217,{'weight': 1}
246,228,{'weight': 1}
246,233,{'weight': 1}
3,13,{'weight': 1}
3,15,{'weight': 1}
3,18,{'weight': 1}
3,23,{'weight': 1}
3,24,{'weight': 1}
3,29,{'weight': 1}
3,33,{'weight': 1}
3,83,{'weight': 1}
3,88,{'weight': 1}
3,107,{'weight': 1}
3,123,{'weight': 1}
3,137,{'weight': 1}
3,139,{'weight': 1}
3,140,{'weight': 1}
3,143,{'weight': 1}
3,144,{'weight': 1}
3,162,{'weight': 1}
3,166,{'weight': 1}
3,176,{'weight': 1}
3,192,{'weight': 1}
3,194,{'weight': 1}
3,195,{'weight': 1}
3,217,{'weight': 1}
4,10,{'weight': 1}
4,57,{'weight': 1}
4,70,{'weight': 1}
4,87,{'weight': 1}
4,88,{'weight': 1}
4,89,{'weight': 1}
4,97,{'weight': 1}
4,103,{'weight': 1}
4,106,{'weight': 1}
4,109,{'weight': 1}
4,132,{'weight': 1}
4,134,{'weight': 1}
4,141,{'weight': 1}
4,154,{'weight': 1}
4,157,{'weight': 1}
4,160,{'weight': 1}
4,174,{'weight': 1}
4,184,{'weight': 1}
4,186,{'weight': 1}
4,190,{'weight': 1}
4,193,{'weight': 1}
4,198,{'weight': 1}
4,199,{'weight': 1}
4,207,{'weight': 1}
4,217,{'weight': 1}
4,222,{'weight': 1}
4,223,{'weight': 1}
4,234,{'weight': 1}
6,61,{'weight': 1}
6,68,{'weight': 1}
6,70,{'weight': 1}
6,80,{'weight': 1}
6,97,{'weight': 1}
6,128,{'weight': 1}
6,148,{'weight': 1}
6,180,{'weight': 1}
6,211,{'weight': 1}
6,225,{'weight': 1}
6,228,{'weight': 1}
6,236,{'weight': 1}
11,16,{'weight': 1}
11,18,{'weight': 1}
11,27,{'weight': 1}
11,31,{'weight': 1}
11,39,{'weight': 1}
11,40,{'weight': 1}
11,69,{'weight': 1}
11,72,{'weight': 1}
11,80,{'weight': 1}
11,81,{'weight': 1}
11,83,{'weight': 1}
11,94,{'weight': 1}
11,103,{'weight': 1}
11,107,{'weight': 1}
11,117,{'weight': 1}
11,132,{'weight': 1}
11,149,{'weight': 1}
11,151,{'weight': 1}
11,189,{'weight': 1}
11,203,{'weight': 1}
11,211,{'weight': 1}
11,216,{'weight': 1}
11,235,{'weight': 1}
11,104,{}
18,16,{'weight': 1}
18,28,{'weight': 1}
18,37,{'weight': 1}
18,39,{'weight': 1}
18,43,{'weight': 1}
18,64,{'weight': 1}
18,74,{'weight': 1}
18,88,{'weight': 1}
18,104,{'weight': 1}
18,115,{'weight': 1}
18,123,{'weight': 1}
18,160,{'weight': 1}
18,163,{'weight': 1}
18,172,{'weight': 1}
18,174,{'weight': 1}
18,189,{'weight': 1}
18,193,{'weight': 1}
18,207,{'weight': 1}
18,214,{'weight': 1}
18,231,{'weight': 1}
20,5,{'weight': 1}
20,17,{'weight': 1}
20,22,{'weight': 1}
20,34,{'weight': 1}
20,57,{'weight': 1}
20,67,{'weight': 1}
20,71,{'weight': 1}
20,115,{'weight': 1}
20,147,{'weight': 1}
20,169,{'weight': 1}
20,177,{'weight': 1}
20,178,{'weight': 1}
20,191,{'weight': 1}
20,201,{'weight': 1}
20,33,{}
48,9,{'weight': 1}
48,12,{'weight': 1}
48,32,{'weight': 1}
48,43,{'weight': 1}
48,45,{'weight': 1}
48,56,{'weight': 1}
48,79,{'weight': 1}
48,104,{'weight': 1}
48,152,{'weight': 1}
48,157,{'weight': 1}
48,164,{'weight': 1}
48,183,{'weight': 1}
48,216,{'weight': 1}
48,221,{'weight': 1}
48,232,{'weight': 1}
50,37,{'weight': 1}
50,45,{'weight': 1}
50,91,{'weight': 1}
50,108,{'weight': 1}
50,109,{'weight': 1}
50,110,{'weight': 1}
50,120,{'weight': 1}
50,132,{'weight': 1}
50,134,{'weight': 1}
50,150,{'weight': 1}
50,167,{'weight': 1}
50,237,{'weight': 1}
50,242,{'weight': 1}
51,14,{'weight': 1}
51,43,{'weight': 1}
51,46,{'weight': 1}
51,58,{'weight': 1}
51,72,{'weight': 1}
51,78,{'weight': 1}
51,111,{'weight': 1}
51,114,{'weight': 1}
51,119,{'weight': 1}
51,128,{'weight': 1}
51,141,{'weight': 1}
51,146,{'weight': 1}
51,147,{'weight': 1}
51,154,{'weight': 1}
51,160,{'weight': 1}
51,164,{'weight': 1}
51,178,{'weight': 1}
51,189,{'weight': 1}
51,191,{'weight': 1}
51,202,{'weight': 1}
51,204,{'weight': 1}
51,209,{'weight': 1}
51,210,{'weight': 1}
51,231,{'weight': 1}
51,233,{'weight': 1}
52,33,{'weight': 1}
52,34,{'weight': 1}
52,54,{'weight': 1}
52,55,{'weight': 1}
52,80,{'weight': 1}
52,85,{'weight': 1}
52,87,{'weight': 1}
52,105,{'weight': 1}
52,106,{'weight': 1}
52,109,{'weight': 1}
52,111,{'weight': 1}
52,119,{'weight': 1}
52,132,{'weight': 1}
52,181,{'weight': 1}
52,183,{'weight': 1}
52,184,{'weight': 1}
52,188,{'weight': 1}
52,196,{'weight': 1}
52,201,{'weight': 1}
52,206,{'weight': 1}
52,212,{'weight': 1}
52,216,{'weight': 1}
52,223,{'weight': 1}
52,247,{'weight': 1}
89,25,{'weight': 1}
89,28,{'weight': 1}
89,55,{'weight': 1}
89,101,{'weight': 1}
89,103,{'weight': 1}
89,139,{'weight': 1}
89,140,{'weight': 1}
89,148,{'weight': 1}
89,184,{'weight': 1}
89,201,{'weight': 1}
89,224,{'weight': 1}
92,7,{'weight': 1}
92,15,{'weight': 1}
92,33,{'weight': 1}
92,34,{'weight': 1}
92,61,{'weight': 1}
92,67,{'weight': 1}
92,72,{'weight': 1}
92,80,{'weight': 1}
92,88,{'weight': 1}
92,99,{'weight': 1}
92,105,{'weight': 1}
92,144,{'weight': 1}
92,151,{'weight': 1}
92,152,{'weight': 1}
92,163,{'weight': 1}
92,181,{'weight': 1}
92,191,{'weight': 1}
92,199,{'weight': 1}
92,205,{'weight': 1}
92,108,{}
92,10,{}
92,25,{}
108,7,{'weight': 1}
108,22,{'weight': 1}
108,67,{'weight': 1}
108,91,{'weight': 1}
108,95,{'weight': 1}
108,106,{'weight': 1}
108,110,{'weight': 1}
108,123,{'weight': 1}
108,135,{'weight': 1}
108,152,{'weight': 1}
108,164,{'weight': 1}
108,168,{'weight': 1}
108,179,{'weight': 1}
108,192,{'weight': 1}
108,197,{'weight': 1}
108,212,{'weight': 1}
108,214,{'weight': 1}
108,221,{'weight': 1}
108,17,{}
108,14,{}
119,14,{'weight': 1}
119,22,{'weight': 1}
119,31,{'weight': 1}
119,34,{'weight': 1}
119,45,{'weight': 1}
119,54,{'weight': 1}
119,75,{'weight': 1}
119,84,{'weight': 1}
119,110,{'weight': 1}
119,149,{'weight': 1}
119,180,{'weight': 1}
119,181,{'weight': 1}
119,183,{'weight': 1}
119,188,{'weight': 1}
119,192,{'weight': 1}
119,195,{'weight': 1}
154,14,{'weight': 1}
154,28,{'weight': 1}
154,29,{'weight': 1}
154,54,{'weight': 1}
154,61,{'weight': 1}
154,70,{'weight': 1}
154,72,{'weight': 1}
154,81,{'weight': 1}
154,103,{'weight': 1}
154,117,{'weight': 1}
154,131,{'weight': 1}
154,145,{'weight': 1}
154,174,{'weight': 1}
154,189,{'weight': 1}
154,195,{'weight': 1}
154,197,{'weight': 1}
154,206,{'weight': 1}
154,231,{'weight': 1}
154,248,{'weight': 1}
157,16,{'weight': 1}
157,23,{'weight': 1}
157,25,{'weight': 1}
157,31,{'weight': 1}
157,56,{'weight': 1}
157,74,{'weight': 1}
157,75,{'weight': 1}
157,96,{'weight': 1}
157,103,{'weight': 1}
157,115,{'weight': 1}
157,129,{'weight': 1}
157,138,{'weight': 1}
157,164,{'weight': 1}
157,172,{'weight': 1}
157,181,{'weight': 1}
157,186,{'weight': 1}
157,204,{'weight': 1}
157,221,{'weight': 1}
157,239,{'weight': 1}
157,248,{'weight': 1}
162,9,{'weight': 1}
162,24,{'weight': 1}
162,27,{'weight': 1}
162,30,{'weight': 1}
162,37,{'weight': 1}
162,40,{'weight': 1}
162,68,{'weight': 1}
162,83,{'weight': 1}
162,84,{'weight': 1}
162,94,{'weight': 1}
162,104,{'weight': 1}
162,105,{'weight': 1}
162,123,{'weight': 1}
162,138,{'weight': 1}
162,144,{'weight': 1}
162,156,{'weight': 1}
162,161,{'weight': 1}
162,197,{'weight': 1}
162,210,{'weight': 1}
162,221,{'weight': 1}
162,239,{'weight': 1}
162,43,{}
162,32,{}
164,5,{'weight': 1}
164,30,{'weight': 1}
164,31,{'weight': 1}
164,32,{'weight': 1}
164,47,{'weight': 1}
164,55,{'weight': 1}
164,56,{'weight': 1}
164,73,{'weight': 1}
164,101,{'weight': 1}
164,102,{'weight': 1}
164,106,{'weight': 1}
164,140,{'weight': 1}
164,184,{'weight': 1}
164,201,{'weight': 1}
164,222,{'weight': 1}
164,233,{'weight': 1}
164,236,{'weight': 1}
164,241,{'weight': 1}
169,30,{'weight': 1}
169,31,{'weight': 1}
169,40,{'weight': 1}
169,55,{'weight': 1}
169,57,{'weight': 1}
169,81,{'weight': 1}
169,97,{'weight': 1}
169,99,{'weight': 1}
169,106,{'weight': 1}
169,123,{'weight': 1}
169,132,{'weight': 1}
169,138,{'weight': 1}
169,146,{'weight': 1}
169,148,{'weight': 1}
169,192,{'weight': 1}
169,230,{'weight': 1}
169,247,{'weight': 1}
203,22,{'weight': 1}
203,33,{'weight': 1}
203,39,{'weight': 1}
203,58,{'weight': 1}
203,65,{'weight': 1}
203,70,{'weight': 1}
203,87,{'weight': 1}
203,97,{'weight': 1}
203,140,{'weight': 1}
203,141,{'weight': 1}
203,143,{'weight': 1}
203,156,{'weight': 1}
203,179,{'weight': 1}
203,184,{'weight': 1}
203,196,{'weight': 1}
203,205,{'weight': 1}
203,209,{'weight': 1}
203,212,{'weight': 1}
203,239,{'weight': 1}
203,244,{'weight': 1}
205,65,{'weight': 1}
205,67,{'weight': 1}
205,145,{'weight': 1}
205,149,{'weight': 1}
205,158,{'weight': 1}
205,176,{'weight': 1}
205,188,{'weight': 1}
205,199,{'weight': 1}
205,224,{'weight': 1}
205,230,{'weight': 1}
205,234,{'weight': 1}
245,44,{'weight': 1}
245,55,{'weight': 1}
245,68,{'weight': 1}
245,70,{'weight': 1}
245,102,{'weight': 1}
245,105,{'weight': 1}
245,107,{'weight': 1}
245,112,{'weight': 1}
245,134,{'weight': 1}
245,135,{'weight': 1}
245,146,{'weight': 1}
245,180,{'weight': 1}
245,189,{'weight': 1}
245,190,{'weight': 1}
13,23,{'weight': 1}
13,37,{'weight': 1}
13,40,{'weight': 1}
13,61,{'weight': 1}
13,68,{'weight': 1}
13,115,{'weight': 1}
13,116,{'weight': 1}
13,120,{'weight': 1}
13,137,{'weight': 1}
13,150,{'weight': 1}
13,161,{'weight': 1}
13,166,{'weight': 1}
13,181,{'weight': 1}
13,193,{'weight': 1}
13,212,{'weight': 1}
13,135,{}
15,69,{'weight': 1}
15,74,{'weight': 1}
15,80,{'weight': 1}
15,103,{'weight': 1}
15,123,{'weight': 1}
15,130,{'weight': 1}
15,192,{'weight': 1}
15,204,{'weight': 1}
15,207,{'weight': 1}
15,211,{'weight': 1}
15,221,{'weight': 1}
15,230,{'weight': 1}
15,104,{}
23,16,{'weight': 1}
23,30,{'weight': 1}
23,31,{'weight': 1}
23,78,{'weight': 1}
23,84,{'weight': 1}
23,106,{'weight': 1}
23,120,{'weight': 1}
23,149,{'weight': 1}
23,168,{'weight': 1}
23,174,{'weight': 1}
23,181,{'weight': 1}
23,193,{'weight': 1}
23,194,{'weight': 1}
23,195,{'weight': 1}
23,233,{'weight': 1}
24,45,{'weight': 1}
24,55,{'weight': 1}
24,72,{'weight': 1}
24,80,{'weight': 1}
24,83,{'weight': 1}
24,87,{'weight': 1}
24,94,{'weight': 1}
24,137,{'weight': 1}
24,146,{'weight': 1}
24,148,{'weight': 1}
24,161,{'weight': 1}
24,184,{'weight': 1}
24,186,{'weight': 1}
24,191,{'weight': 1}
24,201,{'weight': 1}
24,202,{'weight': 1}
24,231,{'weight': 1}
24,235,{'weight': 1}
24,248,{'weight': 1}
29,5,{'weight': 1}
29,12,{'weight': 1}
29,28,{'weight': 1}
29,58,{'weight': 1}
29,79,{'weight': 1}
29,88,{'weight': 1}
29,91,{'weight': 1}
29,94,{'weight': 1}
29,99,{'weight': 1}
29,109,{'weight': 1}
29,111,{'weight': 1}
29,115,{'weight': 1}
29,120,{'weight': 1}
29,149,{'weight': 1}
29,151,{'weight': 1}
29,161,{'weight': 1}
29,198,{'weight': 1}
29,201,{'weight': 1}
29,211,{'weight': 1}
29,222,{'weight': 1}
29,231,{'weight': 1}
33,16,{'weight': 1}
33,27,{'weight': 1}
33,32,{'weight': 1}
33,37,{'weight': 1}
33,70,{'weight': 1}
33,78,{'weight': 1}
33,94,{'weight': 1}
33,105,{'weight': 1}
33,131,{'weight': 1}
33,132,{'weight': 1}
33,146,{'weight': 1}
33,180,{'weight': 1}
33,197,{'weight': 1}
33,209,{'weight': 1}
33,223,{'weight': 1}
33,225,{'weight': 1}
33,236,{'weight': 1}
33,241,{'weight': 1}
33,25,{}
83,10,{'weight': 1}
83,14,{'weight': 1}
83,34,{'weight': 1}
83,56,{'weight': 1}
83,57,{'weight': 1}
83,66,{'weight': 1}
83,72,{'weight': 1}
83,93,{'weight': 1}
83,94,{'weight': 1}
83,99,{'weight': 1}
83,106,{'weight': 1}
83,109,{'weight': 1}
83,110,{'weight': 1}
83,116,{'weight': 1}
83,120,{'weight': 1}
83,138,{'weight': 1}
83,147,{'weight': 1}
83,148,{'weight': 1}
83,192,{'weight': 1}
83,194,{'weight': 1}
83,232,{'weight': 1}
88,17,{'weight': 1}
88,39,{'weight': 1}
88,58,{'weight': 1}
88,61,{'weight': 1}
88,78,{'weight': 1}
88,102,{'weight': 1}
88,105,{'weight': 1}
88,147,{'weight': 1}
88,148,{'weight': 1}
88,178,{'weight': 1}
88,181,{'weight': 1}
88,217,{'weight': 1}
88,223,{'weight': 1}
88,224,{'weight': 1}
107,16,{'weight': 1}
107,44,{'weight': 1}
107,79,{'weight': 1}
107,104,{'weight': 1}
107,106,{'weight': 1}
107,140,{'weight': 1}
107,144,{'weight': 1}
107,147,{'weight': 1}
107,151,{'weight': 1}
107,176,{'weight': 1}
107,191,{'weight': 1}
107,194,{'weight': 1}
107,215,{'weight': 1}
107,237,{'weight': 1}
107,244,{'weight': 1}
123,17,{'weight': 1}
123,34,{'weight': 1}
123,45,{'weight': 1}
123,56,{'weight': 1}
123,68,{'weight': 1}
123,71,{'weight': 1}
123,74,{'weight': 1}
123,84,{'weight': 1}
123,100,{'weight': 1}
123,111,{'weight': 1}
123,116,{'weight': 1}
123,117,{'weight': 1}
123,161,{'weight': 1}
123,166,{'weight': 1}
123,190,{'weight': 1}
123,195,{'weight': 1}
123,199,{'weight': 1}
123,231,{'weight': 1}
137,21,{'weight': 1}
137,54,{'weight': 1}
137,72,{'weight': 1}
137,94,{'weight': 1}
137,114,{'weight': 1}
137,135,{'weight': 1}
137,168,{'weight': 1}
137,179,{'weight': 1}
137,188,{'weight': 1}
137,191,{'weight': 1}
137,210,{'weight': 1}
137,223,{'weight': 1}
137,230,{'weight': 1}
139,37,{'weight': 1}
139,47,{'weight': 1}
139,49,{'weight': 1}
139,69,{'weight': 1}
139,73,{'weight': 1}
139,97,{'weight': 1}
139,111,{'weight': 1}
139,112,{'weight': 1}
139,129,{'weight': 1}
139,134,{'weight': 1}
139,146,{'weight': 1}
139,177,{'weight': 1}
139,183,{'weight': 1}
139,213,{'weight': 1}
139,217,{'weight': 1}
139,221,{'weight': 1}
139,247,{'weight': 1}
140,17,{'weight': 1}
140,57,{'weight': 1}
140,84,{'weight': 1}
140,96,{'weight': 1}
140,117,{'weight': 1}
140,131,{'weight': 1}
140,132,{'weight': 1}
140,138,{'weight': 1}
140,190,{'weight': 1}
140,191,{'weight': 1}
140,193,{'weight': 1}
140,195,{'weight': 1}
140,202,{'weight': 1}
140,232,{'weight': 1}
140,248,{'weight': 1}
143,27,{'weight': 1}
143,31,{'weight': 1}
143,39,{'weight': 1}
143,47,{'weight': 1}
143,85,{'weight': 1}
143,110,{'weight': 1}
143,131,{'weight': 1}
143,135,{'weight': 1}
143,136,{'weight': 1}
143,138,{'weight': 1}
143,147,{'weight': 1}
143,150,{'weight': 1}
143,152,{'weight': 1}
143,158,{'weight': 1}
143,184,{'weight': 1}
143,199,{'weight': 1}
143,206,{'weight': 1}
143,223,{'weight': 1}
143,244,{'weight': 1}
144,14,{'weight': 1}
144,32,{'weight': 1}
144,49,{'weight': 1}
144,65,{'weight': 1}
144,99,{'weight': 1}
144,105,{'weight': 1}
144,111,{'weight': 1}
144,130,{'weight': 1}
144,160,{'weight': 1}
144,175,{'weight': 1}
144,190,{'weight': 1}
144,209,{'weight': 1}
144,233,{'weight': 1}
166,10,{'weight': 1}
166,28,{'weight': 1}
166,30,{'weight': 1}
166,69,{'weight': 1}
166,72,{'weight': 1}
166,73,{'weight': 1}
166,78,{'weight': 1}
166,79,{'weight': 1}
166,85,{'weight': 1}
166,96,{'weight': 1}
166,134,{'weight': 1}
166,138,{'weight': 1}
166,168,{'weight': 1}
166,191,{'weight': 1}
166,195,{'weight': 1}
166,199,{'weight': 1}
166,212,{'weight': 1}
166,214,{'weight': 1}
176,30,{'weight': 1}
176,40,{'weight': 1}
176,49,{'weight': 1}
176,67,{'weight': 1}
176,68,{'weight': 1}
176,74,{'weight': 1}
176,103,{'weight': 1}
176,106,{'weight': 1}
176,114,{'weight': 1}
176,186,{'weight': 1}
176,197,{'weight': 1}
176,210,{'weight': 1}
176,215,{'weight': 1}
176,228,{'weight': 1}
192,22,{'weight': 1}
192,57,{'weight': 1}
192,61,{'weight': 1}
192,82,{'weight': 1}
192,94,{'weight': 1}
192,95,{'weight': 1}
192,96,{'weight': 1}
192,117,{'weight': 1}
192,134,{'weight': 1}
192,141,{'weight': 1}
192,207,{'weight': 1}
192,209,{'weight': 1}
192,210,{'weight': 1}
192,230,{'weight': 1}
192,237,{'weight': 1}
194,12,{'weight': 1}
194,39,{'weight': 1}
194,44,{'weight': 1}
194,64,{'weight': 1}
194,66,{'weight': 1}
194,72,{'weight': 1}
194,90,{'weight': 1}
194,94,{'weight': 1}
194,97,{'weight': 1}
194,114,{'weight': 1}
194,147,{'weight': 1}
194,177,{'weight': 1}
194,181,{'weight': 1}
194,183,{'weight': 1}
194,198,{'weight': 1}
194,214,{'weight': 1}
194,225,{'weight': 1}
194,233,{'weight': 1}
194,247,{'weight': 1}
195,9,{'weight': 1}
195,43,{'weight': 1}
195,55,{'weight': 1}
195,58,{'weight': 1}
195,61,{'weight': 1}
195,65,{'weight': 1}
195,66,{'weight': 1}
195,71,{'weight': 1}
195,73,{'weight': 1}
195,78,{'weight': 1}
195,90,{'weight': 1}
195,100,{'weight': 1}
195,109,{'weight': 1}
195,116,{'weight': 1}
195,120,{'weight': 1}
195,128,{'weight': 1}
195,130,{'weight': 1}
195,148,{'weight': 1}
195,177,{'weight': 1}
195,179,{'weight': 1}
195,188,{'weight': 1}
195,190,{'weight': 1}
195,215,{'weight': 1}
217,68,{'weight': 1}
217,90,{'weight': 1}
217,97,{'weight': 1}
217,134,{'weight': 1}
217,151,{'weight': 1}
217,180,{'weight': 1}
217,204,{'weight': 1}
217,208,{'weight': 1}
217,211,{'weight': 1}
10,16,{'weight': 1}
10,79,{'weight': 1}
10,158,{'weight': 1}
10,175,{'weight': 1}
10,206,{'weight': 1}
10,235,{'weight': 1}
10,40,{}
10,57,{}
57,44,{'weight': 1}
57,58,{'weight': 1}
57,61,{'weight': 1}
57,67,{'weight': 1}
57,68,{'weight': 1}
57,93,{'weight': 1}
57,109,{'weight': 1}
57,135,{'weight': 1}
57,141,{'weight': 1}
57,149,{'weight': 1}
57,196,{'weight': 1}
57,211,{'weight': 1}
57,216,{'weight': 1}
57,222,{'weight': 1}
57,231,{'weight': 1}
70,5,{'weight': 1}
70,16,{'weight': 1}
70,22,{'weight': 1}
70,25,{'weight': 1}
70,45,{'weight': 1}
70,58,{'weight': 1}
70,91,{'weight': 1}
70,102,{'weight': 1}
70,145,{'weight': 1}
70,167,{'weight': 1}
70,197,{'weight': 1}
70,206,{'weight': 1}
70,104,{}
87,12,{'weight': 1}
87,28,{'weight': 1}
87,43,{'weight': 1}
87,85,{'weight': 1}
87,90,{'weight': 1}
87,91,{'weight': 1}
87,93,{'weight': 1}
87,94,{'weight': 1}
87,117,{'weight': 1}
87,161,{'weight': 1}
87,167,{'weight': 1}
87,190,{'weight': 1}
87,201,{'weight': 1}
87,211,{'weight': 1}
87,212,{'weight': 1}
87,228,{'weight': 1}
87,236,{'weight': 1}
87,242,{'weight': 1}
87,247,{'weight': 1}
97,66,{'weight': 1}
97,80,{'weight': 1}
97,90,{'weight': 1}
97,102,{'weight': 1}
97,104,{'weight': 1}
97,111,{'weight': 1}
97,160,{'weight': 1}
97,174,{'weight': 1}
97,181,{'weight': 1}
97,220,{'weight': 1}
103,28,{'weight': 1}
103,31,{'weight': 1}
103,45,{'weight': 1}
103,46,{'weight': 1}
103,80,{'weight': 1}
103,99,{'weight': 1}
103,102,{'weight': 1}
103,112,{'weight': 1}
103,114,{'weight': 1}
103,116,{'weight': 1}
103,130,{'weight': 1}
103,138,{'weight': 1}
103,151,{'weight': 1}
103,174,{'weight': 1}
103,191,{'weight': 1}
103,228,{'weight': 1}
103,231,{'weight': 1}
103,241,{'weight': 1}
103,248,{'weight': 1}
106,9,{'weight': 1}
106,31,{'weight': 1}
106,37,{'weight': 1}
106,44,{'weight': 1}
106,67,{'weight': 1}
106,84,{'weight': 1}
106,90,{'weight': 1}
106,95,{'weight': 1}
106,114,{'weight': 1}
106,135,{'weight': 1}
106,136,{'weight': 1}
106,146,{'weight': 1}
106,172,{'weight': 1}
106,175,{'weight': 1}
106,178,{'weight': 1}
106,189,{'weight': 1}
106,190,{'weight': 1}
106,202,{'weight': 1}
106,16,{}
106,39,{}
109,5,{'weight': 1}
109,22,{'weight': 1}
109,27,{'weight': 1}
109,45,{'weight': 1}
109,72,{'weight': 1}
109,79,{'weight': 1}
109,82,{'weight': 1}
109,112,{'weight': 1}
109,180,{'weight': 1}
109,186,{'weight': 1}
109,189,{'weight': 1}
109,190,{'weight': 1}
109,198,{'weight': 1}
109,208,{'weight': 1}
109,222,{'weight': 1}
109,228,{'weight': 1}
109,236,{'weight': 1}
132,22,{'weight': 1}
132,61,{'weight': 1}
132,67,{'weight': 1}
132,73,{'weight': 1}
132,85,{'weight': 1}
132,102,{'weight': 1}
132,104,{'weight': 1}
132,111,{'weight': 1}
132,116,{'weight': 1}
132,130,{'weight': 1}
132,135,{'weight': 1}
132,150,{'weight': 1}
132,168,{'weight': 1}
132,183,{'weight': 1}
132,184,{'weight': 1}
132,188,{'weight': 1}
132,201,{'weight': 1}
132,208,{'weight': 1}
132,210,{'weight': 1}
132,211,{'weight': 1}
132,215,{'weight': 1}
132,223,{'weight': 1}
132,239,{'weight': 1}
132,241,{'weight': 1}
134,47,{'weight': 1}
134,65,{'weight': 1}
134,101,{'weight': 1}
134,114,{'weight': 1}
134,138,{'weight': 1}
134,150,{'weight': 1}
134,181,{'weight': 1}
134,201,{'weight': 1}
134,202,{'weight': 1}
134,224,{'weight': 1}
134,225,{'weight': 1}
141,43,{'weight': 1}
141,45,{'weight': 1}
141,69,{'weight': 1}
141,73,{'weight': 1}
141,79,{'weight': 1}
141,120,{'weight': 1}
141,131,{'weight': 1}
141,152,{'weight': 1}
141,191,{'weight': 1}
141,223,{'weight': 1}
141,231,{'weight': 1}
141,247,{'weight': 1}
160,25,{'weight': 1}
160,67,{'weight': 1}
160,82,{'weight': 1}
160,99,{'weight': 1}
160,100,{'weight': 1}
160,136,{'weight': 1}
160,147,{'weight': 1}
160,168,{'weight': 1}
160,180,{'weight': 1}
160,184,{'weight': 1}
160,189,{'weight': 1}
160,197,{'weight': 1}
160,233,{'weight': 1}
160,234,{'weight': 1}
174,9,{'weight': 1}
174,31,{'weight': 1}
174,43,{'weight': 1}
174,44,{'weight': 1}
174,45,{'weight': 1}
174,49,{'weight': 1}
174,91,{'weight': 1}
174,94,{'weight': 1}
174,102,{'weight': 1}
174,151,{'weight': 1}
174,222,{'weight': 1}
174,231,{'weight': 1}
184,69,{'weight': 1}
184,73,{'weight': 1}
184,101,{'weight': 1}
184,120,{'weight': 1}
184,130,{'weight': 1}
184,136,{'weight': 1}
184,145,{'weight': 1}
184,168,{'weight': 1}
184,172,{'weight': 1}
184,202,{'weight': 1}
184,207,{'weight': 1}
184,212,{'weight': 1}
184,230,{'weight': 1}
184,236,{'weight': 1}
186,25,{'weight': 1}
186,68,{'weight': 1}
186,91,{'weight': 1}
186,199,{'weight': 1}
186,202,{'weight': 1}
186,225,{'weight': 1}
186,232,{'weight': 1}
186,235,{'weight': 1}
186,237,{'weight': 1}
190,12,{'weight': 1}
190,30,{'weight': 1}
190,49,{'weight': 1}
190,58,{'weight': 1}
190,67,{'weight': 1}
190,74,{'weight': 1}
190,128,{'weight': 1}
190,135,{'weight': 1}
190,150,{'weight': 1}
190,189,{'weight': 1}
190,224,{'weight': 1}
190,225,{'weight': 1}
190,236,{'weight': 1}
190,248,{'weight': 1}
193,54,{'weight': 1}
193,61,{'weight': 1}
193,90,{'weight': 1}
193,129,{'weight': 1}
193,135,{'weight': 1}
193,138,{'weight': 1}
193,178,{'weight': 1}
193,181,{'weight': 1}
193,188,{'weight': 1}
193,197,{'weight': 1}
193,208,{'weight': 1}
193,215,{'weight': 1}
193,232,{'weight': 1}
198,21,{'weight': 1}
198,44,{'weight': 1}
198,56,{'weight': 1}
198,94,{'weight': 1}
198,102,{'weight': 1}
198,105,{'weight': 1}
198,116,{'weight': 1}
198,136,{'weight': 1}
198,147,{'weight': 1}
198,148,{'weight': 1}
198,161,{'weight': 1}
198,221,{'weight': 1}
198,224,{'weight': 1}
198,45,{}
199,7,{'weight': 1}
199,12,{'weight': 1}
199,21,{'weight': 1}
199,22,{'weight': 1}
199,28,{'weight': 1}
199,31,{'weight': 1}
199,43,{'weight': 1}
199,61,{'weight': 1}
199,90,{'weight': 1}
199,129,{'weight': 1}
199,150,{'weight': 1}
199,167,{'weight': 1}
199,177,{'weight': 1}
199,201,{'weight': 1}
199,211,{'weight': 1}
199,239,{'weight': 1}
207,7,{'weight': 1}
207,32,{'weight': 1}
207,34,{'weight': 1}
207,40,{'weight': 1}
207,68,{'weight': 1}
207,110,{'weight': 1}
207,112,{'weight': 1}
207,117,{'weight': 1}
207,145,{'weight': 1}
207,167,{'weight': 1}
207,175,{'weight': 1}
207,178,{'weight': 1}
207,179,{'weight': 1}
207,210,{'weight': 1}
207,211,{'weight': 1}
207,247,{'weight': 1}
222,44,{'weight': 1}
222,49,{'weight': 1}
222,96,{'weight': 1}
222,100,{'weight': 1}
222,104,{'weight': 1}
222,128,{'weight': 1}
222,150,{'weight': 1}
222,183,{'weight': 1}
222,214,{'weight': 1}
222,220,{'weight': 1}
222,241,{'weight': 1}
223,30,{'weight': 1}
223,65,{'weight': 1}
223,67,{'weight': 1}
223,69,{'weight': 1}
223,111,{'weight': 1}
223,130,{'weight': 1}
223,146,{'weight': 1}
223,150,{'weight': 1}
234,47,{'weight': 1}
234,61,{'weight': 1}
234,68,{'weight': 1}
234,79,{'weight': 1}
234,96,{'weight': 1}
234,102,{'weight': 1}
234,148,{'weight': 1}
234,183,{'weight': 1}
234,202,{'weight': 1}
234,209,{'weight': 1}
234,214,{'weight': 1}
234,230,{'weight': 1}
234,231,{'weight': 1}
234,242,{'weight': 1}
5,9,{'weight': 1}
5,22,{'weight': 1}
5,44,{'weight': 1}
5,64,{'weight': 1}
5,72,{'weight': 1}
5,149,{'weight': 1}
5,177,{'weight': 1}
5,189,{'weight': 1}
5,196,{'weight': 1}
5,213,{'weight': 1}
5,214,{'weight': 1}
5,228,{'weight': 1}
5,239,{'weight': 1}
5,248,{'weight': 1}
5,135,{}
9,43,{'weight': 1}
9,73,{'weight': 1}
9,80,{'weight': 1}
9,82,{'weight': 1}
9,112,{'weight': 1}
9,128,{'weight': 1}
9,131,{'weight': 1}
9,148,{'weight': 1}
9,152,{'weight': 1}
9,181,{'weight': 1}
9,197,{'weight': 1}
9,209,{'weight': 1}
22,43,{'weight': 1}
22,74,{'weight': 1}
22,81,{'weight': 1}
22,100,{'weight': 1}
22,101,{'weight': 1}
22,104,{'weight': 1}
22,105,{'weight': 1}
22,110,{'weight': 1}
22,131,{'weight': 1}
22,156,{'weight': 1}
22,168,{'weight': 1}
22,191,{'weight': 1}
22,233,{'weight': 1}
44,14,{'weight': 1}
44,28,{'weight': 1}
44,55,{'weight': 1}
44,64,{'weight': 1}
44,71,{'weight': 1}
44,80,{'weight': 1}
44,82,{'weight': 1}
44,116,{'weight': 1}
44,151,{'weight': 1}
44,152,{'weight': 1}
44,178,{'weight': 1}
44,191,{'weight': 1}
44,221,{'weight': 1}
44,225,{'weight': 1}
44,233,{'weight': 1}
44,236,{'weight': 1}
44,241,{'weight': 1}
64,68,{'weight': 1}
64,75,{'weight': 1}
64,79,{'weight': 1}
64,93,{'weight': 1}
64,102,{'weight': 1}
64,110,{'weight': 1}
64,117,{'weight': 1}
64,128,{'weight': 1}
64,131,{'weight': 1}
64,138,{'weight': 1}
64,151,{'weight': 1}
64,163,{'weight': 1}
64,172,{'weight': 1}
64,175,{'weight': 1}
64,178,{'weight': 1}
64,196,{'weight': 1}
64,204,{'weight': 1}
64,239,{'weight': 1}
64,247,{'weight': 1}
72,12,{'weight': 1}
72,27,{'weight': 1}
72,45,{'weight': 1}
72,61,{'weight': 1}
72,65,{'weight': 1}
72,78,{'weight': 1}
72,95,{'weight': 1}
72,99,{'weight': 1}
72,110,{'weight': 1}
72,136,{'weight': 1}
72,177,{'weight': 1}
72,188,{'weight': 1}
72,208,{'weight': 1}
72,216,{'weight': 1}
72,220,{'weight': 1}
72,224,{'weight': 1}
149,21,{'weight': 1}
149,54,{'weight': 1}
149,56,{'weight': 1}
149,65,{'weight': 1}
149,73,{'weight': 1}
149,102,{'weight': 1}
149,105,{'weight': 1}
149,115,{'weight': 1}
149,151,{'weight': 1}
149,188,{'weight': 1}
149,242,{'weight': 1}
177,91,{'weight': 1}
177,111,{'weight': 1}
177,172,{'weight': 1}
177,180,{'weight': 1}
177,211,{'weight': 1}
177,220,{'weight': 1}
177,235,{'weight': 1}
177,241,{'weight': 1}
189,40,{'weight': 1}
189,43,{'weight': 1}
189,54,{'weight': 1}
189,61,{'weight': 1}
189,67,{'weight': 1}
189,68,{'weight': 1}
189,91,{'weight': 1}
189,110,{'weight': 1}
189,148,{'weight': 1}
189,206,{'weight': 1}
189,208,{'weight': 1}
189,228,{'weight': 1}
196,7,{'weight': 1}
196,21,{'weight': 1}
196,34,{'weight': 1}
196,55,{'weight': 1}
196,67,{'weight': 1}
196,90,{'weight': 1}
196,147,{'weight': 1}
196,188,{'weight': 1}
196,220,{'weight': 1}
213,21,{'weight': 1}
213,46,{'weight': 1}
213,66,{'weight': 1}
213,68,{'weight': 1}
213,69,{'weight': 1}
213,96,{'weight': 1}
213,116,{'weight': 1}
213,131,{'weight': 1}
213,228,{'weight': 1}
213,237,{'weight': 1}
214,21,{'weight': 1}
214,32,{'weight': 1}
214,69,{'weight': 1}
214,71,{'weight': 1}
214,82,{'weight': 1}
214,84,{'weight': 1}
214,99,{'weight': 1}
214,112,{'weight': 1}
214,117,{'weight': 1}
214,146,{'weight': 1}
214,148,{'weight': 1}
214,178,{'weight': 1}
214,191,{'weight': 1}
214,201,{'weight': 1}
214,209,{'weight': 1}
214,211,{'weight': 1}
214,237,{'weight': 1}
214,244,{'weight': 1}
228,14,{'weight': 1}
228,21,{'weight': 1}
228,31,{'weight': 1}
228,71,{'weight': 1}
228,81,{'weight': 1}
228,191,{'weight': 1}
228,201,{'weight': 1}
228,202,{'weight': 1}
228,221,{'weight': 1}
228,239,{'weight': 1}
239,17,{'weight': 1}
239,37,{'weight': 1}
239,47,{'weight': 1}
239,67,{'weight': 1}
239,74,{'weight': 1}
239,90,{'weight': 1}
239,94,{'weight': 1}
239,95,{'weight': 1}
239,104,{'weight': 1}
239,175,{'weight': 1}
239,206,{'weight': 1}
239,211,{'weight': 1}
239,212,{'weight': 1}
239,221,{'weight': 1}
239,237,{'weight': 1}
248,45,{'weight': 1}
248,75,{'weight': 1}
248,81,{'weight': 1}
248,85,{'weight': 1}
248,147,{'weight': 1}
248,150,{'weight': 1}
248,179,{'weight': 1}
248,191,{'weight': 1}
248,209,{'weight': 1}
248,220,{'weight': 1}
61,14,{'weight': 1}
61,30,{'weight': 1}
61,32,{'weight': 1}
61,40,{'weight': 1}
61,112,{'weight': 1}
61,156,{'weight': 1}
61,191,{'weight': 1}
61,209,{'weight': 1}
68,17,{'weight': 1}
68,45,{'weight': 1}
68,54,{'weight': 1}
68,75,{'weight': 1}
68,110,{'weight': 1}
68,138,{'weight': 1}
68,151,{'weight': 1}
68,175,{'weight': 1}
68,183,{'weight': 1}
68,208,{'weight': 1}
68,216,{'weight': 1}
80,7,{'weight': 1}
80,21,{'weight': 1}
80,46,{'weight': 1}
80,58,{'weight': 1}
80,71,{'weight': 1}
80,81,{'weight': 1}
80,94,{'weight': 1}
80,100,{'weight': 1}
80,101,{'weight': 1}
80,114,{'weight': 1}
128,43,{'weight': 1}
128,78,{'weight': 1}
128,93,{'weight': 1}
128,101,{'weight': 1}
128,168,{'weight': 1}
128,183,{'weight': 1}
128,201,{'weight': 1}
128,230,{'weight': 1}
128,244,{'weight': 1}
148,17,{'weight': 1}
148,32,{'weight': 1}
148,47,{'weight': 1}
148,71,{'weight': 1}
148,206,{'weight': 1}
148,237,{'weight': 1}
180,7,{'weight': 1}
180,32,{'weight': 1}
180,67,{'weight': 1}
180,110,{'weight': 1}
180,116,{'weight': 1}
180,130,{'weight': 1}
180,147,{'weight': 1}
180,151,{'weight': 1}
180,183,{'weight': 1}
180,216,{'weight': 1}
180,224,{'weight': 1}
180,235,{'weight': 1}
211,65,{'weight': 1}
211,66,{'weight': 1}
211,74,{'weight': 1}
211,90,{'weight': 1}
211,91,{'weight': 1}
211,138,{'weight': 1}
211,146,{'weight': 1}
211,197,{'weight': 1}
211,225,{'weight': 1}
225,25,{'weight': 1}
225,37,{'weight': 1}
225,39,{'weight': 1}
225,46,{'weight': 1}
225,71,{'weight': 1}
225,75,{'weight': 1}
225,138,{'weight': 1}
225,168,{'weight': 1}
225,172,{'weight': 1}
225,183,{'weight': 1}
225,197,{'weight': 1}
225,210,{'weight': 1}
225,241,{'weight': 1}
225,247,{'weight': 1}
236,12,{'weight': 1}
236,21,{'weight': 1}
236,31,{'weight': 1}
236,40,{'weight': 1}
236,91,{'weight': 1}
236,102,{'weight': 1}
236,114,{'weight': 1}
236,120,{'weight': 1}
236,136,{'weight': 1}
236,158,{'weight': 1}
236,167,{'weight': 1}
236,232,{'weight': 1}
7,12,{'weight': 1}
7,17,{'weight': 1}
7,25,{'weight': 1}
7,46,{'weight': 1}
7,75,{'weight': 1}
7,99,{'weight': 1}
7,152,{'weight': 1}
7,172,{'weight': 1}
7,179,{'weight': 1}
12,17,{'weight': 1}
12,45,{'weight': 1}
12,75,{'weight': 1}
12,90,{'weight': 1}
12,91,{'weight': 1}
12,112,{'weight': 1}
12,152,{'weight': 1}
12,163,{'weight': 1}
12,167,{'weight': 1}
12,224,{'weight': 1}
12,233,{'weight': 1}
17,34,{'weight': 1}
17,43,{'weight': 1}
17,54,{'weight': 1}
17,73,{'weight': 1}
17,81,{'weight': 1}
17,94,{'weight': 1}
17,130,{'weight': 1}
17,167,{'weight': 1}
25,14,{'weight': 1}
25,73,{'weight': 1}
25,93,{'weight': 1}
25,94,{'weight': 1}
25,102,{'weight': 1}
25,120,{'weight': 1}
25,183,{'weight': 1}
25,210,{'weight': 1}
25,224,{'weight': 1}
25,244,{'weight': 1}
46,21,{'weight': 1}
46,55,{'weight': 1}
46,91,{'weight': 1}
46,117,{'weight': 1}
46,120,{'weight': 1}
46,172,{'weight': 1}
46,181,{'weight': 1}
46,183,{'weight': 1}
46,224,{'weight': 1}
46,230,{'weight': 1}
75,54,{'weight': 1}
75,84,{'weight': 1}
75,91,{'weight': 1}
75,145,{'weight': 1}
75,206,{'weight': 1}
75,209,{'weight': 1}
99,21,{'weight': 1}
99,30,{'weight': 1}
99,43,{'weight': 1}
99,67,{'weight': 1}
99,71,{'weight': 1}
99,78,{'weight': 1}
99,91,{'weight': 1}
99,93,{'weight': 1}
99,94,{'weight': 1}
99,102,{'weight': 1}
99,104,{'weight': 1}
99,146,{'weight': 1}
99,178,{'weight': 1}
99,197,{'weight': 1}
99,212,{'weight': 1}
99,242,{'weight': 1}
152,30,{'weight': 1}
152,67,{'weight': 1}
152,104,{'weight': 1}
152,112,{'weight': 1}
152,114,{'weight': 1}
152,120,{'weight': 1}
152,163,{'weight': 1}
152,183,{'weight': 1}
152,224,{'weight': 1}
152,232,{'weight': 1}
172,21,{'weight': 1}
172,30,{'weight': 1}
172,37,{'weight': 1}
172,54,{'weight': 1}
172,71,{'weight': 1}
172,120,{'weight': 1}
172,138,{'weight': 1}
172,158,{'weight': 1}
172,178,{'weight': 1}
172,181,{'weight': 1}
179,32,{'weight': 1}
179,34,{'weight': 1}
179,73,{'weight': 1}
179,78,{'weight': 1}
179,94,{'weight': 1}
179,112,{'weight': 1}
179,181,{'weight': 1}
179,183,{'weight': 1}
179,212,{'weight': 1}
179,216,{'weight': 1}
179,242,{'weight': 1}
28,101,{'weight': 1}
28,117,{'weight': 1}
28,151,{'weight': 1}
28,167,{'weight': 1}
28,178,{'weight': 1}
78,32,{'weight': 1}
78,66,{'weight': 1}
78,71,{'weight': 1}
78,93,{'weight': 1}
78,94,{'weight': 1}
78,110,{'weight': 1}
78,138,{'weight': 1}
78,147,{'weight': 1}
78,163,{'weight': 1}
78,202,{'weight': 1}
78,224,{'weight': 1}
78,232,{'weight': 1}
105,47,{'weight': 1}
105,93,{'weight': 1}
105,94,{'weight': 1}
105,95,{'weight': 1}
105,131,{'weight': 1}
105,233,{'weight': 1}
105,247,{'weight': 1}
116,37,{'weight': 1}
116,95,{'weight': 1}
116,101,{'weight': 1}
116,114,{'weight': 1}
116,117,{'weight': 1}
116,130,{'weight': 1}
116,146,{'weight': 1}
116,210,{'weight': 1}
116,230,{'weight': 1}
116,244,{'weight': 1}
116,247,{'weight': 1}
120,16,{'weight': 1}
120,31,{'weight': 1}
120,69,{'weight': 1}
120,90,{'weight': 1}
120,93,{'weight': 1}
120,101,{'weight': 1}
120,110,{'weight': 1}
120,151,{'weight': 1}
120,197,{'weight': 1}
120,202,{'weight': 1}
120,209,{'weight': 1}
145,30,{'weight': 1}
145,39,{'weight': 1}
145,54,{'weight': 1}
145,67,{'weight': 1}
145,69,{'weight': 1}
145,95,{'weight': 1}
145,178,{'weight': 1}
145,208,{'weight': 1}
145,237,{'weight': 1}
145,241,{'weight': 1}
147,74,{'weight': 1}
147,85,{'weight': 1}
147,91,{'weight': 1}
147,100,{'weight': 1}
147,158,{'weight': 1}
147,209,{'weight': 1}
147,233,{'weight': 1}
147,247,{'weight': 1}
150,110,{'weight': 1}
150,129,{'weight': 1}
150,183,{'weight': 1}
168,27,{'weight': 1}
168,31,{'weight': 1}
168,71,{'weight': 1}
168,101,{'weight': 1}
168,104,{'weight': 1}
168,158,{'weight': 1}
168,188,{'weight': 1}
197,21,{'weight': 1}
197,104,{'weight': 1}
197,117,{'weight': 1}
197,156,{'weight': 1}
197,178,{'weight': 1}
197,181,{'weight': 1}
197,183,{'weight': 1}
197,188,{'weight': 1}
197,210,{'weight': 1}
197,215,{'weight': 1}
210,43,{'weight': 1}
210,45,{'weight': 1}
210,49,{'weight': 1}
210,95,{'weight': 1}
210,114,{'weight': 1}
210,130,{'weight': 1}
210,151,{'weight': 1}
210,181,{'weight': 1}
210,188,{'weight': 1}
210,212,{'weight': 1}
210,247,{'weight': 1}
43,14,{'weight': 1}
43,30,{'weight': 1}
43,47,{'weight': 1}
43,49,{'weight': 1}
43,74,{'weight': 1}
43,81,{'weight': 1}
43,93,{'weight': 1}
43,94,{'weight': 1}
43,110,{'weight': 1}
43,131,{'weight': 1}
43,156,{'weight': 1}
43,175,{'weight': 1}
43,208,{'weight': 1}
43,224,{'weight': 1}
43,230,{'weight': 1}
73,39,{'weight': 1}
73,54,{'weight': 1}
73,56,{'weight': 1}
73,112,{'weight': 1}
73,183,{'weight': 1}
73,209,{'weight': 1}
82,16,{'weight': 1}
82,21,{'weight': 1}
82,39,{'weight': 1}
82,45,{'weight': 1}
82,110,{'weight': 1}
82,167,{'weight': 1}
82,183,{'weight': 1}
82,208,{'weight': 1}
82,209,{'weight': 1}
112,30,{'weight': 1}
112,45,{'weight': 1}
112,47,{'weight': 1}
112,55,{'weight': 1}
112,56,{'weight': 1}
112,67,{'weight': 1}
112,71,{'weight': 1}
112,85,{'weight': 1}
112,95,{'weight': 1}
112,178,{'weight': 1}
112,208,{'weight': 1}
112,247,{'weight': 1}
131,32,{'weight': 1}
131,65,{'weight': 1}
131,100,{'weight': 1}
131,110,{'weight': 1}
131,111,{'weight': 1}
131,114,{'weight': 1}
131,138,{'weight': 1}
131,220,{'weight': 1}
131,232,{'weight': 1}
131,233,{'weight': 1}
181,58,{'weight': 1}
181,71,{'weight': 1}
181,79,{'weight': 1}
181,93,{'weight': 1}
181,101,{'weight': 1}
181,104,{'weight': 1}
181,129,{'weight': 1}
181,135,{'weight': 1}
181,163,{'weight': 1}
181,178,{'weight': 1}
181,202,{'weight': 1}
209,21,{'weight': 1}
209,66,{'weight': 1}
209,71,{'weight': 1}
209,85,{'weight': 1}
209,104,{'weight': 1}
209,175,{'weight': 1}
209,208,{'weight': 1}
209,215,{'weight': 1}
209,242,{'weight': 1}
16,27,{'weight': 1}
16,54,{'weight': 1}
16,96,{'weight': 1}
16,102,{'weight': 1}
16,201,{'weight': 1}
16,232,{'weight': 1}
69,39,{'weight': 1}
69,65,{'weight': 1}
69,66,{'weight': 1}
69,71,{'weight': 1}
69,96,{'weight': 1}
69,104,{'weight': 1}
69,117,{'weight': 1}
69,202,{'weight': 1}
79,65,{'weight': 1}
79,71,{'weight': 1}
79,94,{'weight': 1}
79,101,{'weight': 1}
79,208,{'weight': 1}
79,212,{'weight': 1}
79,215,{'weight': 1}
138,47,{'weight': 1}
138,74,{'weight': 1}
138,167,{'weight': 1}
138,201,{'weight': 1}
138,220,{'weight': 1}
158,34,{'weight': 1}
158,58,{'weight': 1}
158,85,{'weight': 1}
158,95,{'weight': 1}
158,110,{'weight': 1}
158,163,{'weight': 1}
158,178,{'weight': 1}
158,188,{'weight': 1}
158,204,{'weight': 1}
158,215,{'weight': 1}
175,37,{'weight': 1}
175,47,{'weight': 1}
175,67,{'weight': 1}
175,85,{'weight': 1}
175,94,{'weight': 1}
175,151,{'weight': 1}
175,161,{'weight': 1}
175,206,{'weight': 1}
175,231,{'weight': 1}
206,95,{'weight': 1}
206,96,{'weight': 1}
206,146,{'weight': 1}
206,151,{'weight': 1}
206,230,{'weight': 1}
206,233,{'weight': 1}
235,39,{'weight': 1}
235,47,{'weight': 1}
235,65,{'weight': 1}
235,74,{'weight': 1}
235,93,{'weight': 1}
235,129,{'weight': 1}
235,178,{'weight': 1}
235,188,{'weight': 1}
235,202,{'weight': 1}
235,204,{'weight': 1}
235,232,{'weight': 1}
27,30,{'weight': 1}
27,34,{'weight': 1}
27,37,{'weight': 1}
27,115,{'weight': 1}
27,130,{'weight': 1}
27,202,{'weight': 1}
31,58,{'weight': 1}
31,96,{'weight': 1}
31,183,{'weight': 1}
31,220,{'weight': 1}
31,224,{'weight': 1}
39,45,{'weight': 1}
39,114,{'weight': 1}
39,130,{'weight': 1}
39,208,{'weight': 1}
40,32,{'weight': 1}
40,54,{'weight': 1}
40,81,{'weight': 1}
40,93,{'weight': 1}
40,96,{'weight': 1}
40,102,{'weight': 1}
40,111,{'weight': 1}
40,117,{'weight': 1}
40,135,{'weight': 1}
40,163,{'weight': 1}
40,202,{'weight': 1}
40,221,{'weight': 1}
40,232,{'weight': 1}
40,241,{'weight': 1}
81,91,{'weight': 1}
81,100,{'weight': 1}
81,146,{'weight': 1}
81,202,{'weight': 1}
81,221,{'weight': 1}
81,230,{'weight': 1}
81,233,{'weight': 1}
94,30,{'weight': 1}
94,65,{'weight': 1}
94,191,{'weight': 1}
94,212,{'weight': 1}
117,34,{'weight': 1}
117,136,{'weight': 1}
117,151,{'weight': 1}
117,163,{'weight': 1}
117,201,{'weight': 1}
117,215,{'weight': 1}
117,224,{'weight': 1}
117,230,{'weight': 1}
151,34,{'weight': 1}
151,49,{'weight': 1}
151,104,{'weight': 1}
151,115,{'weight': 1}
151,224,{'weight': 1}
216,56,{'weight': 1}
216,66,{'weight': 1}
216,74,{'weight': 1}
216,90,{'weight': 1}
216,146,{'weight': 1}
216,163,{'weight': 1}
216,202,{'weight': 1}
216,224,{'weight': 1}
216,241,{'weight': 1}
216,242,{'weight': 1}
45,21,{'weight': 1}
45,34,{'weight': 1}
45,55,{'weight': 1}
45,56,{'weight': 1}
45,130,{'weight': 1}
45,183,{'weight': 1}
45,208,{'weight': 1}
45,230,{'weight': 1}
45,237,{'weight': 1}
90,34,{'weight': 1}
90,74,{'weight': 1}
90,102,{'weight': 1}
90,167,{'weight': 1}
91,95,{'weight': 1}
91,100,{'weight': 1}
91,135,{'weight': 1}
91,201,{'weight': 1}
91,231,{'weight': 1}
163,130,{'weight': 1}
163,161,{'weight': 1}
163,201,{'weight': 1}
163,220,{'weight': 1}
167,56,{'weight': 1}
167,130,{'weight': 1}
167,178,{'weight': 1}
167,204,{'weight': 1}
167,230,{'weight': 1}
167,232,{'weight': 1}
167,233,{'weight': 1}
224,104,{'weight': 1}
224,183,{'weight': 1}
224,221,{'weight': 1}
224,247,{'weight': 1}
233,32,{'weight': 1}
233,67,{'weight': 1}
233,95,{'weight': 1}
233,204,{'weight': 1}
233,215,{'weight': 1}
37,183,{'weight': 1}
37,231,{'weight': 1}
37,247,{'weight': 1}
37,204,{}
115,21,{'weight': 1}
115,47,{'weight': 1}
115,71,{'weight': 1}
115,93,{'weight': 1}
115,96,{'weight': 1}
115,231,{'weight': 1}
161,101,{'weight': 1}
161,215,{'weight': 1}
212,56,{'weight': 1}
212,65,{'weight': 1}
212,130,{'weight': 1}
212,191,{'weight': 1}
14,74,{'weight': 1}
14,84,{'weight': 1}
14,85,{'weight': 1}
14,183,{'weight': 1}
14,191,{'weight': 1}
14,208,{'weight': 1}
14,230,{'weight': 1}
74,58,{'weight': 1}
74,67,{'weight': 1}
74,208,{'weight': 1}
74,232,{'weight': 1}
74,237,{'weight': 1}
74,135,{}
84,54,{'weight': 1}
84,56,{'weight': 1}
85,47,{'weight': 1}
85,71,{'weight': 1}
85,93,{'weight': 1}
85,146,{'weight': 1}
111,71,{'weight': 1}
111,188,{'weight': 1}
111,231,{'weight': 1}
183,47,{'weight': 1}
183,58,{'weight': 1}
183,95,{'weight': 1}
183,231,{'weight': 1}
183,247,{'weight': 1}
191,47,{'weight': 1}
191,49,{'weight': 1}
191,71,{'weight': 1}
191,93,{'weight': 1}
191,104,{'weight': 1}
191,129,{'weight': 1}
191,215,{'weight': 1}
191,231,{'weight': 1}
191,237,{'weight': 1}
191,241,{'weight': 1}
208,101,{'weight': 1}
208,188,{'weight': 1}
230,34,{'weight': 1}
230,130,{'weight': 1}
230,135,{'weight': 1}
230,220,{'weight': 1}
130,34,{'weight': 1}
130,71,{'weight': 1}
130,110,{'weight': 1}
130,221,{'weight': 1}
130,244,{'weight': 1}
204,47,{'weight': 1}
204,49,{'weight': 1}
204,54,{'weight': 1}
204,65,{'weight': 1}
204,67,{'weight': 1}
204,95,{'weight': 1}
204,135,{'weight': 1}
204,202,{'weight': 1}
221,34,{'weight': 1}
221,47,{'weight': 1}
221,178,{'weight': 1}
221,232,{'weight': 1}
54,32,{'weight': 1}
54,156,{'weight': 1}
54,178,{'weight': 1}
54,201,{'weight': 1}
54,202,{'weight': 1}
54,220,{'weight': 1}
54,231,{'weight': 1}
96,30,{'weight': 1}
96,71,{'weight': 1}
96,93,{'weight': 1}
96,178,{'weight': 1}
102,47,{'weight': 1}
102,201,{'weight': 1}
201,71,{'weight': 1}
201,93,{'weight': 1}
201,95,{'weight': 1}
201,156,{'weight': 1}
201,244,{'weight': 1}
232,93,{'weight': 1}
232,101,{'weight': 1}
232,188,{'weight': 1}
232,202,{'weight': 1}
232,215,{'weight': 1}
232,244,{'weight': 1}
34,30,{'weight': 1}
34,49,{'weight': 1}
34,55,{'weight': 1}
34,67,{'weight': 1}
34,71,{'weight': 1}
34,101,{'weight': 1}
244,71,{'weight': 1}
244,110,{'weight': 1}
244,135,{'weight': 1}
244,136,{'weight': 1}
244,188,{'weight': 1}
244,231,{'weight': 1}
104,67,{'weight': 1}
104,93,{'weight': 1}
104,100,{'weight': 1}
104,220,{'weight': 1}
231,47,{'weight': 1}
231,129,{'weight': 1}
231,237,{'weight': 1}
231,242,{'weight': 1}
47,21,{'weight': 1}
47,32,{'weight': 1}
47,49,{'weight': 1}
47,66,{'weight': 1}
47,71,{'weight': 1}
47,93,{'weight': 1}
47,100,{'weight': 1}
47,136,{'weight': 1}
47,237,{'weight': 1}
114,55,{'weight': 1}
114,178,{'weight': 1}
114,188,{'weight': 1}
241,156,{'weight': 1}
241,242,{'weight': 1}
242,110,{'weight': 1}
242,129,{'weight': 1}
242,237,{'weight': 1}
67,135,{'weight': 1}
67,178,{'weight': 1}
71,215,{'weight': 1}
178,49,{'weight': 1}
178,93,{'weight': 1}
21,202,{'weight': 1}
21,220,{'weight': 1}
202,66,{'weight': 1}
202,136,{'weight': 1}
202,215,{'weight': 1}
220,56,{'weight': 1}
220,95,{'weight': 1}
220,188,{'weight': 1}
100,49,{'weight': 1}
100,65,{'weight': 1}
100,136,{'weight': 1}
101,66,{'weight': 1}
30,32,{'weight': 1}
30,58,{'weight': 1}
30,66,{'weight': 1}
30,215,{'weight': 1}
55,215,{'weight': 1}
55,237,{'weight': 1}
146,65,{'weight': 1}
146,129,{'weight': 1}
93,56,{'weight': 1}
93,129,{'weight': 1}
188,58,{'weight': 1}
66,65,{'weight': 1}
66,135,{'weight': 1}
66,136,{'weight': 1}
66,247,{'weight': 1}
215,136,{'weight': 1}
135,237,{'weight': 1}
129,56,{'weight': 1}
129,65,{'weight': 1}
